IndicatorCode,Indicator,ValueType,ParentLocationCode,ParentLocation,Location type,SpatialDimValueCode,Location,Period type,Period,IsLatestYear,Dim1 type,Dim1,Dim1ValueCode,Dim2 type,Dim2,Dim2ValueCode,Dim3 type,Dim3,Dim3ValueCode,DataSourceDimValueCode,DataSource,FactValueNumericPrefix,FactValueNumeric,FactValueUoM,FactValueNumericLowPrefix,FactValueNumericLow,FactValueNumericHighPrefix,FactValueNumericHigh,Value,FactValueTranslationID,FactComments,Language,DateModified
WSH_WATER_BASIC,Population using at least basic drinking-water services (%),text,AFR,Africa,Country,KEN,Kenya,Year,2024,true,Residence Area Type,Rural,RESIDENCEAREATYPE_RUR,,,,,,,,,,55.59,,,,,,56,,,EN,2026-01-22T21:00:00.000Z
WSH_WATER_BASIC,Population using at least basic drinking-water services (%),text,AFR,Africa,Country,KEN,Kenya,Year,2024,true,Residence Area Type,Total,RESIDENCEAREATYPE_TOTL,,,,,,,,,,65.6,,,,,,66,,,EN,2026-01-22T21:00:00.000Z
WSH_WATER_BASIC,Population using at least basic drinking-water services (%),text,AFR,Africa,Country,KEN,Kenya,Year,2024,true,Residence Area Type,Urban,RESIDENCEAREATYPE_URB,,,,,,,,,,88.89,,,,,,89,,,EN,2026-01-22T21:00:00.000Z
WSH_WATER_BASIC,Population using at least basic drinking-water services (%),text,AFR,Africa,Country,KEN,Kenya,Year,2023,false,Residence Area Type,Rural,RESIDENCEAREATYPE_RUR,,,,,,,,,,54.75,,,,,,55,,,EN,2026-01-22T21:00:00.000Z
WSH_WATER_BASIC,Population using at least basic drinking-water services (%),text,AFR,Africa,Country,KEN,Kenya,Year,2023,false,Residence Area Type,Total,RESIDENCEAREATYPE_TOTL,,,,,,,,,,64.78,,,,,,65,,,EN,2026-01-22T21:00:00.000Z
WSH_WATER_BASIC,Population using at least basic drinking-water services (%),text,AFR,Africa,Country,KEN,Kenya,Year,2023,false,Residence Area Type,Urban,RESIDENCEAREATYPE_URB,,,,,,,,,,88.74,,,,,,89,,,EN,2026-01-22T21:00:00.000Z
WSH_WATER_BASIC,Population using at least basic drinking-water services (%),text,AFR,Africa,Country,KEN,Kenya,Year,2022,false,Residence Area Type,Rural,RESIDENCEAREATYPE_RUR,,,,,,,,,,53.9,,,,,,54,,,EN,2026-01-22T21:00:00.000Z
WSH_WATER_BASIC,Population using at least basic drinking-water services (%),text,AFR,Africa,Country,KEN,Kenya,Year,2022,false,Residence Area Type,Total,RESIDENCEAREATYPE_TOTL,,,,,,,,,,63.96,,,,,,64,,,EN,2026-01-22T21:00:00.000Z
WSH_WATER_BASIC,Population using at least basic drinking-water services (%),text,AFR,Africa,Country,KEN,Kenya,Year,2022,false,Residence Area Type,Urban,RESIDENCEAREATYPE_URB,,,,,,,,,,88.59,,,,,,89,,,EN,2026-01-22T21:00:00.000Z
WSH_WATER_BASIC,Population using at least basic drinking-water services (%),text,AFR,Africa,Country,KEN,Kenya,Year,2021,false,Residence Area Type,Rural,RESIDENCEAREATYPE_RUR,,,,,,,,,,53.06,,,,,,53,,,EN,2026-01-22T21:00:00.000Z
WSH_WATER_BASIC,Population using at least basic drinking-water services (%),text,AFR,Africa,Country,KEN,Kenya,Year,2021,false,Residence Area Type,Total,RESIDENCEAREATYPE_TOTL,,,,,,,,,,63.14,,,,,,63,,,EN,2026-01-22T21:00:00.000Z
WSH_WATER_BASIC,Population using at least basic drinking-water services (%),text,AFR,Africa,Country,KEN,Kenya,Year,2021,false,Residence Area Type,Urban,RESIDENCEAREATYPE_URB,,,,,,,,,,88.45,,,,,,88,,,EN,2026-01-22T21:00:00.000Z
WSH_WATER_BASIC,Population using at least basic drinking-water services (%),text,AFR,Africa,Country,KEN,Kenya,Year,2020,false,Residence Area Type,Rural,RESIDENCEAREATYPE_RUR,,,,,,,,,,52.22,,,,,,52,,,EN,2026-01-22T21:00:00.000Z
WSH_WATER_BASIC,Population using at least basic drinking-water services (%),text,AFR,Africa,Country,KEN,Kenya,Year,2020,false,Residence Area Type,Total,RESIDENCEAREATYPE_TOTL,,,,,,,,,,62.32,,,,,,62,,,EN,2026-01-22T21:00:00.000Z
WSH_WATER_BASIC,Population using at least basic drinking-water services (%),text,AFR,Africa,Country,KEN,Kenya,Year,2020,false,Residence Area Type,Urban,RESIDENCEAREATYPE_URB,,,,,,,,,,88.3,,,,,,88,,,EN,2026-01-22T21:00:00.000Z
WSH_WATER_BASIC,Population using at least basic drinking-water services (%),text,AFR,Africa,Country,KEN,Kenya,Year,2019,false,Residence Area Type,Rural,RESIDENCEAREATYPE_RUR,,,,,,,,,,51.37,,,,,,51,,,EN,2026-01-22T21:00:00.000Z
WSH_WATER_BASIC,Population using at least basic drinking-water services (%),text,AFR,Africa,Country,KEN,Kenya,Year,2019,false,Residence Area Type,Total,RESIDENCEAREATYPE_TOTL,,,,,,,,,,61.49,,,,,,61,,,EN,2026-01-22T21:00:00.000Z
WSH_WATER_BASIC,Population using at least basic drinking-water services (%),text,AFR,Africa,Country,KEN,Kenya,Year,2019,false,Residence Area Type,Urban,RESIDENCEAREATYPE_URB,,,,,,,,,,88.16,,,,,,88,,,EN,2026-01-22T21:00:00.000Z
WSH_WATER_BASIC,Population using at least basic drinking-water services (%),text,AFR,Africa,Country,KEN,Kenya,Year,2018,false,Residence Area Type,Rural,RESIDENCEAREATYPE_RUR,,,,,,,,,,50.53,,,,,,51,,,EN,2026-01-22T21:00:00.000Z
WSH_WATER_BASIC,Population using at least basic drinking-water services (%),text,AFR,Africa,Country,KEN,Kenya,Year,2018,false,Residence Area Type,Total,RESIDENCEAREATYPE_TOTL,,,,,,,,,,60.66,,,,,,61,,,EN,2026-01-22T21:00:00.000Z
WSH_WATER_BASIC,Population using at least basic drinking-water services (%),text,AFR,Africa,Country,KEN,Kenya,Year,2018,false,Residence Area Type,Urban,RESIDENCEAREATYPE_URB,,,,,,,,,,88.01,,,,,,88,,,EN,2026-01-22T21:00:00.000Z
WSH_WATER_BASIC,Population using at least basic drinking-water services (%),text,AFR,Africa,Country,KEN,Kenya,Year,2017,false,Residence Area Type,Rural,RESIDENCEAREATYPE_RUR,,,,,,,,,,49.69,,,,,,50,,,EN,2026-01-22T21:00:00.000Z
WSH_WATER_BASIC,Population using at least basic drinking-water services (%),text,AFR,Africa,Country,KEN,Kenya,Year,2017,false,Residence Area Type,Total,RESIDENCEAREATYPE_TOTL,,,,,,,,,,59.83,,,,,,60,,,EN,2026-01-22T21:00:00.000Z
WSH_WATER_BASIC,Population using at least basic drinking-water services (%),text,AFR,Africa,Country,KEN,Kenya,Year,2017,false,Residence Area Type,Urban,RESIDENCEAREATYPE_URB,,,,,,,,,,87.86,,,,,,88,,,EN,2026-01-22T21:00:00.000Z
WSH_WATER_BASIC,Population using at least basic drinking-water services (%),text,AFR,Africa,Country,KEN,Kenya,Year,2016,false,Residence Area Type,Rural,RESIDENCEAREATYPE_RUR,,,,,,,,,,48.85,,,,,,49,,,EN,2026-01-22T21:00:00.000Z
WSH_WATER_BASIC,Population using at least basic drinking-water services (%),text,AFR,Africa,Country,KEN,Kenya,Year,2016,false,Residence Area Type,Total,RESIDENCEAREATYPE_TOTL,,,,,,,,,,58.99,,,,,,59,,,EN,2026-01-22T21:00:00.000Z
WSH_WATER_BASIC,Population using at least basic drinking-water services (%),text,AFR,Africa,Country,KEN,Kenya,Year,2016,false,Residence Area Type,Urban,RESIDENCEAREATYPE_URB,,,,,,,,,,87.72,,,,,,88,,,EN,2026-01-22T21:00:00.000Z
WSH_WATER_BASIC,Population using at least basic drinking-water services (%),text,AFR,Africa,Country,KEN,Kenya,Year,2015,false,Residence Area Type,Rural,RESIDENCEAREATYPE_RUR,,,,,,,,,,48,,,,,,48,,,EN,2026-01-22T21:00:00.000Z
WSH_WATER_BASIC,Population using at least basic drinking-water services (%),text,AFR,Africa,Country,KEN,Kenya,Year,2015,false,Residence Area Type,Total,RESIDENCEAREATYPE_TOTL,,,,,,,,,,58.16,,,,,,58,,,EN,2026-01-22T21:00:00.000Z
WSH_WATER_BASIC,Population using at least basic drinking-water services (%),text,AFR,Africa,Country,KEN,Kenya,Year,2015,false,Residence Area Type,Urban,RESIDENCEAREATYPE_URB,,,,,,,,,,87.57,,,,,,88,,,EN,2026-01-22T21:00:00.000Z
WSH_WATER_BASIC,Population using at least basic drinking-water services (%),text,AFR,Africa,Country,KEN,Kenya,Year,2014,false,Residence Area Type,Rural,RESIDENCEAREATYPE_RUR,,,,,,,,,,47.16,,,,,,47,,,EN,2026-01-22T21:00:00.000Z
WSH_WATER_BASIC,Population using at least basic drinking-water services (%),text,AFR,Africa,Country,KEN,Kenya,Year,2014,false,Residence Area Type,Total,RESIDENCEAREATYPE_TOTL,,,,,,,,,,57.32,,,,,,57,,,EN,2026-01-22T21:00:00.000Z
WSH_WATER_BASIC,Population using at least basic drinking-water services (%),text,AFR,Africa,Country,KEN,Kenya,Year,2014,false,Residence Area Type,Urban,RESIDENCEAREATYPE_URB,,,,,,,,,,87.43,,,,,,87,,,EN,2026-01-22T21:00:00.000Z
WSH_WATER_BASIC,Population using at least basic drinking-water services (%),text,AFR,Africa,Country,KEN,Kenya,Year,2013,false,Residence Area Type,Rural,RESIDENCEAREATYPE_RUR,,,,,,,,,,46.32,,,,,,46,,,EN,2026-01-22T21:00:00.000Z
WSH_WATER_BASIC,Population using at least basic drinking-water services (%),text,AFR,Africa,Country,KEN,Kenya,Year,2013,false,Residence Area Type,Total,RESIDENCEAREATYPE_TOTL,,,,,,,,,,56.48,,,,,,56,,,EN,2026-01-22T21:00:00.000Z
WSH_WATER_BASIC,Population using at least basic drinking-water services (%),text,AFR,Africa,Country,KEN,Kenya,Year,2013,false,Residence Area Type,Urban,RESIDENCEAREATYPE_URB,,,,,,,,,,87.28,,,,,,87,,,EN,2026-01-22T21:00:00.000Z
WSH_WATER_BASIC,Population using at least basic drinking-water services (%),text,AFR,Africa,Country,KEN,Kenya,Year,2012,false,Residence Area Type,Rural,RESIDENCEAREATYPE_RUR,,,,,,,,,,45.48,,,,,,45,,,EN,2026-01-22T21:00:00.000Z
WSH_WATER_BASIC,Population using at least basic drinking-water services (%),text,AFR,Africa,Country,KEN,Kenya,Year,2012,false,Residence Area Type,Total,RESIDENCEAREATYPE_TOTL,,,,,,,,,,55.63,,,,,,56,,,EN,2026-01-22T21:00:00.000Z
WSH_WATER_BASIC,Population using at least basic drinking-water services (%),text,AFR,Africa,Country,KEN,Kenya,Year,2012,false,Residence Area Type,Urban,RESIDENCEAREATYPE_URB,,,,,,,,,,87.14,,,,,,87,,,EN,2026-01-22T21:00:00.000Z
WSH_WATER_BASIC,Population using at least basic drinking-water services (%),text,AFR,Africa,Country,KEN,Kenya,Year,2011,false,Residence Area Type,Rural,RESIDENCEAREATYPE_RUR,,,,,,,,,,44.64,,,,,,45,,,EN,2026-01-22T21:00:00.000Z
WSH_WATER_BASIC,Population using at least basic drinking-water services (%),text,AFR,Africa,Country,KEN,Kenya,Year,2011,false,Residence Area Type,Total,RESIDENCEAREATYPE_TOTL,,,,,,,,,,54.79,,,,,,55,,,EN,2026-01-22T21:00:00.000Z
WSH_WATER_BASIC,Population using at least basic drinking-water services (%),text,AFR,Africa,Country,KEN,Kenya,Year,2011,false,Residence Area Type,Urban,RESIDENCEAREATYPE_URB,,,,,,,,,,86.99,,,,,,87,,,EN,2026-01-22T21:00:00.000Z
WSH_WATER_BASIC,Population using at least basic drinking-water services (%),text,AFR,Africa,Country,KEN,Kenya,Year,2010,false,Residence Area Type,Rural,RESIDENCEAREATYPE_RUR,,,,,,,,,,43.8,,,,,,44,,,EN,2026-01-22T21:00:00.000Z
WSH_WATER_BASIC,Population using at least basic drinking-water services (%),text,AFR,Africa,Country,KEN,Kenya,Year,2010,false,Residence Area Type,Total,RESIDENCEAREATYPE_TOTL,,,,,,,,,,53.95,,,,,,54,,,EN,2026-01-22T21:00:00.000Z
WSH_WATER_BASIC,Population using at least basic drinking-water services (%),text,AFR,Africa,Country,KEN,Kenya,Year,2010,false,Residence Area Type,Urban,RESIDENCEAREATYPE_URB,,,,,,,,,,86.85,,,,,,87,,,EN,2026-01-22T21:00:00.000Z
WSH_WATER_BASIC,Population using at least basic drinking-water services (%),text,AFR,Africa,Country,KEN,Kenya,Year,2009,false,Residence Area Type,Rural,RESIDENCEAREATYPE_RUR,,,,,,,,,,42.96,,,,,,43,,,EN,2026-01-22T21:00:00.000Z
WSH_WATER_BASIC,Population using at least basic drinking-water services (%),text,AFR,Africa,Country,KEN,Kenya,Year,2009,false,Residence Area Type,Total,RESIDENCEAREATYPE_TOTL,,,,,,,,,,53.1,,,,,,53,,,EN,2026-01-22T21:00:00.000Z
WSH_WATER_BASIC,Population using at least basic drinking-water services (%),text,AFR,Africa,Country,KEN,Kenya,Year,2009,false,Residence Area Type,Urban,RESIDENCEAREATYPE_URB,,,,,,,,,,86.7,,,,,,87,,,EN,2026-01-22T21:00:00.000Z
WSH_WATER_BASIC,Population using at least basic drinking-water services (%),text,AFR,Africa,Country,KEN,Kenya,Year,2008,false,Residence Area Type,Rural,RESIDENCEAREATYPE_RUR,,,,,,,,,,42.12,,,,,,42,,,EN,2026-01-22T21:00:00.000Z
WSH_WATER_BASIC,Population using at least basic drinking-water services (%),text,AFR,Africa,Country,KEN,Kenya,Year,2008,false,Residence Area Type,Total,RESIDENCEAREATYPE_TOTL,,,,,,,,,,52.25,,,,,,52,,,EN,2026-01-22T21:00:00.000Z
WSH_WATER_BASIC,Population using at least basic drinking-water services (%),text,AFR,Africa,Country,KEN,Kenya,Year,2008,false,Residence Area Type,Urban,RESIDENCEAREATYPE_URB,,,,,,,,,,86.56,,,,,,87,,,EN,2026-01-22T21:00:00.000Z
WSH_WATER_BASIC,Population using at least basic drinking-water services (%),text,AFR,Africa,Country,KEN,Kenya,Year,2007,false,Residence Area Type,Rural,RESIDENCEAREATYPE_RUR,,,,,,,,,,41.28,,,,,,41,,,EN,2026-01-22T21:00:00.000Z
WSH_WATER_BASIC,Population using at least basic drinking-water services (%),text,AFR,Africa,Country,KEN,Kenya,Year,2007,false,Residence Area Type,Total,RESIDENCEAREATYPE_TOTL,,,,,,,,,,51.4,,,,,,51,,,EN,2026-01-22T21:00:00.000Z
WSH_WATER_BASIC,Population using at least basic drinking-water services (%),text,AFR,Africa,Country,KEN,Kenya,Year,2007,false,Residence Area Type,Urban,RESIDENCEAREATYPE_URB,,,,,,,,,,86.41,,,,,,86,,,EN,2026-01-22T21:00:00.000Z
WSH_WATER_BASIC,Population using at least basic drinking-water services (%),text,AFR,Africa,Country,KEN,Kenya,Year,2006,false,Residence Area Type,Rural,RESIDENCEAREATYPE_RUR,,,,,,,,,,40.44,,,,,,40,,,EN,2026-01-22T21:00:00.000Z
WSH_WATER_BASIC,Population using at least basic drinking-water services (%),text,AFR,Africa,Country,KEN,Kenya,Year,2006,false,Residence Area Type,Total,RESIDENCEAREATYPE_TOTL,,,,,,,,,,50.54,,,,,,51,,,EN,2026-01-22T21:00:00.000Z
WSH_WATER_BASIC,Population using at least basic drinking-water services (%),text,AFR,Africa,Country,KEN,Kenya,Year,2006,false,Residence Area Type,Urban,RESIDENCEAREATYPE_URB,,,,,,,,,,86.27,,,,,,86,,,EN,2026-01-22T21:00:00.000Z
WSH_WATER_BASIC,Population using at least basic drinking-water services (%),text,AFR,Africa,Country,KEN,Kenya,Year,2005,false,Residence Area Type,Rural,RESIDENCEAREATYPE_RUR,,,,,,,,,,39.6,,,,,,40,,,EN,2026-01-22T21:00:00.000Z
WSH_WATER_BASIC,Population using at least basic drinking-water services (%),text,AFR,Africa,Country,KEN,Kenya,Year,2005,false,Residence Area Type,Total,RESIDENCEAREATYPE_TOTL,,,,,,,,,,49.69,,,,,,50,,,EN,2026-01-22T21:00:00.000Z
WSH_WATER_BASIC,Population using at least basic drinking-water services (%),text,AFR,Africa,Country,KEN,Kenya,Year,2005,false,Residence Area Type,Urban,RESIDENCEAREATYPE_URB,,,,,,,,,,86.12,,,,,,86,,,EN,2026-01-22T21:00:00.000Z
WSH_WATER_BASIC,Population using at least basic drinking-water services (%),text,AFR,Africa,Country,KEN,Kenya,Year,2004,false,Residence Area Type,Rural,RESIDENCEAREATYPE_RUR,,,,,,,,,,38.77,,,,,,39,,,EN,2026-01-22T21:00:00.000Z
WSH_WATER_BASIC,Population using at least basic drinking-water services (%),text,AFR,Africa,Country,KEN,Kenya,Year,2004,false,Residence Area Type,Total,RESIDENCEAREATYPE_TOTL,,,,,,,,,,48.83,,,,,,49,,,EN,2026-01-22T21:00:00.000Z
WSH_WATER_BASIC,Population using at least basic drinking-water services (%),text,AFR,Africa,Country,KEN,Kenya,Year,2004,false,Residence Area Type,Urban,RESIDENCEAREATYPE_URB,,,,,,,,,,85.98,,,,,,86,,,EN,2026-01-22T21:00:00.000Z
WSH_WATER_BASIC,Population using at least basic drinking-water services (%),text,AFR,Africa,Country,KEN,Kenya,Year,2003,false,Residence Area Type,Rural,RESIDENCEAREATYPE_RUR,,,,,,,,,,37.93,,,,,,38,,,EN,2026-01-22T21:00:00.000Z
WSH_WATER_BASIC,Population using at least basic drinking-water services (%),text,AFR,Africa,Country,KEN,Kenya,Year,2003,false,Residence Area Type,Total,RESIDENCEAREATYPE_TOTL,,,,,,,,,,47.96,,,,,,48,,,EN,2026-01-22T21:00:00.000Z
WSH_WATER_BASIC,Population using at least basic drinking-water services (%),text,AFR,Africa,Country,KEN,Kenya,Year,2003,false,Residence Area Type,Urban,RESIDENCEAREATYPE_URB,,,,,,,,,,85.83,,,,,,86,,,EN,2026-01-22T21:00:00.000Z
WSH_WATER_BASIC,Population using at least basic drinking-water services (%),text,AFR,Africa,Country,KEN,Kenya,Year,2002,false,Residence Area Type,Rural,RESIDENCEAREATYPE_RUR,,,,,,,,,,37.09,,,,,,37,,,EN,2026-01-22T21:00:00.000Z
WSH_WATER_BASIC,Population using at least basic drinking-water services (%),text,AFR,Africa,Country,KEN,Kenya,Year,2002,false,Residence Area Type,Total,RESIDENCEAREATYPE_TOTL,,,,,,,,,,47.1,,,,,,47,,,EN,2026-01-22T21:00:00.000Z
WSH_WATER_BASIC,Population using at least basic drinking-water services (%),text,AFR,Africa,Country,KEN,Kenya,Year,2002,false,Residence Area Type,Urban,RESIDENCEAREATYPE_URB,,,,,,,,,,85.69,,,,,,86,,,EN,2026-01-22T21:00:00.000Z
WSH_WATER_BASIC,Population using at least basic drinking-water services (%),text,AFR,Africa,Country,KEN,Kenya,Year,2001,false,Residence Area Type,Rural,RESIDENCEAREATYPE_RUR,,,,,,,,,,36.25,,,,,,36,,,EN,2026-01-22T21:00:00.000Z
WSH_WATER_BASIC,Population using at least basic drinking-water services (%),text,AFR,Africa,Country,KEN,Kenya,Year,2001,false,Residence Area Type,Total,RESIDENCEAREATYPE_TOTL,,,,,,,,,,46.23,,,,,,46,,,EN,2026-01-22T21:00:00.000Z
WSH_WATER_BASIC,Population using at least basic drinking-water services (%),text,AFR,Africa,Country,KEN,Kenya,Year,2001,false,Residence Area Type,Urban,RESIDENCEAREATYPE_URB,,,,,,,,,,85.55,,,,,,86,,,EN,2026-01-22T21:00:00.000Z
WSH_WATER_BASIC,Population using at least basic drinking-water services (%),text,AFR,Africa,Country,KEN,Kenya,Year,2000,false,Residence Area Type,Rural,RESIDENCEAREATYPE_RUR,,,,,,,,,,35.42,,,,,,35,,,EN,2026-01-22T21:00:00.000Z
WSH_WATER_BASIC,Population using at least basic drinking-water services (%),text,AFR,Africa,Country,KEN,Kenya,Year,2000,false,Residence Area Type,Total,RESIDENCEAREATYPE_TOTL,,,,,,,,,,45.36,,,,,,45,,,EN,2026-01-22T21:00:00.000Z
WSH_WATER_BASIC,Population using at least basic drinking-water services (%),text,AFR,Africa,Country,KEN,Kenya,Year,2000,false,Residence Area Type,Urban,RESIDENCEAREATYPE_URB,,,,,,,,,,85.4,,,,,,85,,,EN,2026-01-22T21:00:00.000Z
